{
  "background": "#fdfaf6",
  "surface": "#fdfaf6",
  "surface_dim": "#f0ebe4",
  "surface_bright": "#ffffff",

  "surface_container_lowest": "#ffffff",
  "surface_container_low": "#f8f4ee",
  "surface_container": "#f0ebe4",
  "surface_container_high": "#e8e2da",
  "surface_container_highest": "#e0d8ce",

  "surface_variant": "#e0d8ce",
  "surface_tint": "#9a6830",

  "on_background": "#1c1a18",
  "on_surface": "#1c1a18",
  "on_surface_variant": "#4a4640",

  "primary": "#9a6830",
  "primary_container": "#f8dcc0",
  "primary_fixed": "#9a6830",
  "primary_fixed_dim": "#7a5020",

  "on_primary": "#ffffff",
  "on_primary_container": "#5a3c18",
  "on_primary_fixed": "#ffffff",
  "on_primary_fixed_variant": "#f0ebe4",

  "secondary": "#7a6a50",
  "secondary_container": "#ece0cc",
  "secondary_fixed": "#7a6a50",
  "secondary_fixed_dim": "#5a4a30",

  "on_secondary": "#ffffff",
  "on_secondary_container": "#4a3c28",
  "on_secondary_fixed": "#ffffff",
  "on_secondary_fixed_variant": "#f0ebe4",

  "tertiary": "#506478",
  "tertiary_container": "#d8e4f0",
  "tertiary_fixed": "#506478",
  "tertiary_fixed_dim": "#3a4a5a",

  "on_tertiary": "#ffffff",
  "on_tertiary_container": "#2a3a4a",
  "on_tertiary_fixed": "#ffffff",
  "on_tertiary_fixed_variant": "#f0ebe4",

  "error": "#b04030",
  "error_container": "#fcd0c0",
  "on_error": "#ffffff",
  "on_error_container": "#5a1c10",

  "outline": "#8a8078",
  "outline_variant": "#c8c0b4",

  "shadow": "#000000",
  "scrim": "#000000",

  "inverse_surface": "#1c1a18",
  "inverse_on_surface": "#fdfaf6",
  "inverse_primary": "#e8b882",

  "success": "#3a7a38",
  "on_success": "#ffffff",
  "success_container": "#c0e8b8",
  "on_success_container": "#1a3a18"
}
