{
  "background": "#193549",
  "surface": "#193549",
  "surface_dim": "#122738",
  "surface_bright": "#1f4662",

  "surface_container_lowest": "#122738",
  "surface_container_low": "#193549",
  "surface_container": "#1f4662",
  "surface_container_high": "#2a5a7d",
  "surface_container_highest": "#5c6b7d",

  "surface_variant": "#1f4662",
  "surface_tint": "#0088ff",

  "on_background": "#ffffff",
  "on_surface": "#ffffff",
  "on_surface_variant": "#adb7c9",

  "primary": "#0088ff",
  "primary_container": "#122738",
  "primary_fixed": "#0088ff",
  "primary_fixed_dim": "#006ecc",

  "on_primary": "#193549",
  "on_primary_container": "#5cb7ff",
  "on_primary_fixed": "#193549",
  "on_primary_fixed_variant": "#1f4662",

  "secondary": "#9a5feb",
  "secondary_container": "#2a1a45",
  "secondary_fixed": "#9a5feb",
  "secondary_fixed_dim": "#7c4dbe",

  "on_secondary": "#193549",
  "on_secondary_container": "#b88cfd",
  "on_secondary_fixed": "#193549",
  "on_secondary_fixed_variant": "#1f4662",

  "tertiary": "#2affdf",
  "tertiary_container": "#0e3a35",
  "tertiary_fixed": "#2affdf",
  "tertiary_fixed_dim": "#22ccb2",

  "on_tertiary": "#193549",
  "on_tertiary_container": "#7efff5",
  "on_tertiary_fixed": "#193549",
  "on_tertiary_fixed_variant": "#1f4662",

  "error": "#ff0088",
  "error_container": "#450025",
  "on_error": "#ffffff",
  "on_error_container": "#ff5fb3",

  "outline": "#1f4662",
  "outline_variant": "#0e1e2e",

  "shadow": "#000000",
  "scrim": "#000000",

  "inverse_surface": "#ffffff",
  "inverse_on_surface": "#193549",
  "inverse_primary": "#9a5feb",

  "success": "#9eff80",
  "on_success": "#193549",
  "success_container": "#25451d",
  "on_success_container": "#b9ff9f"
}
