{
  "background": "#0a0a0a",
  "surface": "#0a0a0a",
  "surface_dim": "#000000",
  "surface_bright": "#1e1e1e",

  "surface_container_lowest": "#000000",
  "surface_container_low": "#0a0a0a",
  "surface_container": "#141414",
  "surface_container_high": "#1e1e1e",
  "surface_container_highest": "#282828",

  "surface_variant": "#282828",
  "surface_tint": "#fab283",

  "on_background": "#eeeeee",
  "on_surface": "#eeeeee",
  "on_surface_variant": "#808080",

  "primary": "#fab283",
  "primary_container": "#323232",
  "primary_fixed": "#fab283",
  "primary_fixed_dim": "#d9956a",

  "on_primary": "#0a0a0a",
  "on_primary_container": "#ffc09f",
  "on_primary_fixed": "#0a0a0a",
  "on_primary_fixed_variant": "#1e1e1e",

  "secondary": "#5c9cf5",
  "secondary_container": "#1e1e1e",
  "secondary_fixed": "#5c9cf5",
  "secondary_fixed_dim": "#4a7ec0",

  "on_secondary": "#0a0a0a",
  "on_secondary_container": "#86e1fc",
  "on_secondary_fixed": "#0a0a0a",
  "on_secondary_fixed_variant": "#1e1e1e",

  "tertiary": "#9d7cd8",
  "tertiary_container": "#282828",
  "tertiary_fixed": "#9d7cd8",
  "tertiary_fixed_dim": "#7e62b0",

  "on_tertiary": "#0a0a0a",
  "on_tertiary_container": "#c099ff",
  "on_tertiary_fixed": "#0a0a0a",
  "on_tertiary_fixed_variant": "#1e1e1e",

  "error": "#e06c75",
  "error_container": "#323232",
  "on_error": "#0a0a0a",
  "on_error_container": "#ff757f",

  "outline": "#484848",
  "outline_variant": "#3c3c3c",

  "shadow": "#000000",
  "scrim": "#000000",

  "inverse_surface": "#eeeeee",
  "inverse_on_surface": "#0a0a0a",
  "inverse_primary": "#5c9cf5",

  "success": "#7fd88f",
  "on_success": "#0a0a0a",
  "success_container": "#1e1e1e",
  "on_success_container": "#c3e88d"
}
