{
  "background": "#262335",
  "surface": "#262335",
  "surface_dim": "#1e1a29",
  "surface_bright": "#2a2139",

  "surface_container_lowest": "#1e1a29",
  "surface_container_low": "#241b2f",
  "surface_container": "#2a2139",
  "surface_container_high": "#34294a",
  "surface_container_highest": "#495495",

  "surface_variant": "#495495",
  "surface_tint": "#36f9f6",

  "on_background": "#ffffff",
  "on_surface": "#ffffff",
  "on_surface_variant": "#b0b8e6",

  "primary": "#36f9f6",
  "primary_container": "#2a2139",
  "primary_fixed": "#36f9f6",
  "primary_fixed_dim": "#2bcac7",

  "on_primary": "#262335",
  "on_primary_container": "#72f1f8",
  "on_primary_fixed": "#262335",
  "on_primary_fixed_variant": "#2a2139",

  "secondary": "#ff7edb",
  "secondary_container": "#492d50",
  "secondary_fixed": "#ff7edb",
  "secondary_fixed_dim": "#d466b5",

  "on_secondary": "#262335",
  "on_secondary_container": "#ff92df",
  "on_secondary_fixed": "#262335",
  "on_secondary_fixed_variant": "#2a2139",

  "tertiary": "#b084eb",
  "tertiary_container": "#3a2d5a",
  "tertiary_fixed": "#b084eb",
  "tertiary_fixed_dim": "#906cc0",

  "on_tertiary": "#262335",
  "on_tertiary_container": "#c792ea",
  "on_tertiary_fixed": "#262335",
  "on_tertiary_fixed_variant": "#2a2139",

  "error": "#fe4450",
  "error_container": "#501b2a",
  "on_error": "#262335",
  "on_error_container": "#ff5e5b",

  "outline": "#616eb3",
  "outline_variant": "#34294a",

  "shadow": "#000000",
  "scrim": "#000000",

  "inverse_surface": "#ffffff",
  "inverse_on_surface": "#262335",
  "inverse_primary": "#ff7edb",

  "success": "#72f1b8",
  "on_success": "#262335",
  "success_container": "#1e3a2f",
  "on_success_container": "#97f1d8"
}
