{
  "background": "#000000",
  "surface": "#000000",
  "surface_dim": "#000000",
  "surface_bright": "#1a1a1a",

  "surface_container_lowest": "#000000",
  "surface_container_low": "#0a0a0a",
  "surface_container": "#141414",
  "surface_container_high": "#1a1a1a",
  "surface_container_highest": "#292929",

  "surface_variant": "#292929",
  "surface_tint": "#0070F3",

  "on_background": "#ededed",
  "on_surface": "#ededed",
  "on_surface_variant": "#a1a1a1",

  "primary": "#0070F3",
  "primary_container": "#003e87",
  "primary_fixed": "#0070F3",
  "primary_fixed_dim": "#0056b3",

  "on_primary": "#000000",
  "on_primary_container": "#52A8FF",
  "on_primary_fixed": "#000000",
  "on_primary_fixed_variant": "#1a1a1a",

  "secondary": "#52A8FF",
  "secondary_container": "#002a5c",
  "secondary_fixed": "#52A8FF",
  "secondary_fixed_dim": "#2e8dec",

  "on_secondary": "#000000",
  "on_secondary_container": "#EBF8FF",
  "on_secondary_fixed": "#000000",
  "on_secondary_fixed_variant": "#1a1a1a",

  "tertiary": "#8E4EC6",
  "tertiary_container": "#401861",
  "tertiary_fixed": "#8E4EC6",
  "tertiary_fixed_dim": "#703ca1",

  "on_tertiary": "#000000",
  "on_tertiary_container": "#BF7AF0",
  "on_tertiary_fixed": "#000000",
  "on_tertiary_fixed_variant": "#1a1a1a",

  "error": "#E5484D",
  "error_container": "#5c1d1f",
  "on_error": "#000000",
  "on_error_container": "#FF6166",

  "outline": "#454545",
  "outline_variant": "#2e2e2e",

  "shadow": "#000000",
  "scrim": "#000000",

  "inverse_surface": "#ededed",
  "inverse_on_surface": "#000000",
  "inverse_primary": "#52A8FF",

  "success": "#46A758",
  "on_success": "#000000",
  "success_container": "#1e4726",
  "on_success_container": "#63C46D"
}
