{
  "background": "#1a1e1a",
  "surface": "#1a1e1a",
  "surface_dim": "#121512",
  "surface_bright": "#252a25",

  "surface_container_lowest": "#121512",
  "surface_container_low": "#1a1e1a",
  "surface_container": "#252a25",
  "surface_container_high": "#303530",
  "surface_container_highest": "#404540",

  "surface_variant": "#404540",
  "surface_tint": "#7a9a7a",

  "on_background": "#d5dcd5",
  "on_surface": "#d5dcd5",
  "on_surface_variant": "#b0b8b0",

  "primary": "#7a9a7a",
  "primary_container": "#2a3a2a",
  "primary_fixed": "#7a9a7a",
  "primary_fixed_dim": "#5a7a5a",

  "on_primary": "#1a1e1a",
  "on_primary_container": "#a8c8a8",
  "on_primary_fixed": "#1a1e1a",
  "on_primary_fixed_variant": "#252a25",

  "secondary": "#9a9080",
  "secondary_container": "#3a3530",
  "secondary_fixed": "#9a9080",
  "secondary_fixed_dim": "#7a7060",

  "on_secondary": "#1a1e1a",
  "on_secondary_container": "#c8c0b0",
  "on_secondary_fixed": "#1a1e1a",
  "on_secondary_fixed_variant": "#252a25",

  "tertiary": "#8a9aa0",
  "tertiary_container": "#303a40",
  "tertiary_fixed": "#8a9aa0",
  "tertiary_fixed_dim": "#6a7a80",

  "on_tertiary": "#1a1e1a",
  "on_tertiary_container": "#b8c8d0",
  "on_tertiary_fixed": "#1a1e1a",
  "on_tertiary_fixed_variant": "#252a25",

  "error": "#c07070",
  "error_container": "#402828",
  "on_error": "#1a1e1a",
  "on_error_container": "#e0a8a8",

  "outline": "#6a756a",
  "outline_variant": "#4a524a",

  "shadow": "#000000",
  "scrim": "#000000",

  "inverse_surface": "#d5dcd5",
  "inverse_on_surface": "#1a1e1a",
  "inverse_primary": "#5a7a5a",

  "success": "#6a9a6a",
  "on_success": "#1a1e1a",
  "success_container": "#2a4a2a",
  "on_success_container": "#a8d8a8"
}
